aX,aY,aZ,gX,gY,gZ
0.017,-1.430,-0.000,126.771,463.763,-37.985
-0.984,-0.356,1.271,131.870,404.786,-85.756
-0.238,-0.974,0.442,110.069,419.534,-145.755
-0.571,-0.718,0.218,203.473,361.274,11.649
-1.030,-0.284,0.166,258.267,305.045,-55.297
-0.505,0.277,-0.130,160.344,290.420,-82.672
-0.624,0.435,-1.113,125.794,217.687,-52.656
-0.956,1.259,-1.386,164.191,213.107,-86.290
-1.947,1.900,-0.016,27.992,-27.809,110.687
-1.685,1.918,-0.688,-255.717,-276.802,197.710
-2.000,2.000,-1.438,-464.572,-499.687,140.519
-1.053,1.193,-1.871,-497.275,-499.687,133.267
-0.418,0.673,-1.383,-497.275,-444.023,140.886
-0.092,-0.641,-0.929,-395.183,-342.069,59.084
-0.331,-1.430,-1.203,-333.702,-407.245,65.741
0.231,-2.000,-1.229,-276.664,-27.092,-142.931
0.257,-2.000,-0.984,-79.702,77.549,79.405
-0.949,-0.523,0.336,203.519,-248.069,28.351
1.471,-0.572,-0.574,58.542,-221.962,-87.878
0.705,-0.541,0.289,9.260,20.084,-29.740
0.437,-1.025,0.141,-39.962,0.694,-50.488
0.724,-0.990,0.089,28.160,-44.771,-2.946
0.611,-0.690,0.183,-9.183,6.847,-15.511
0.659,-0.891,-0.029,-22.008,39.977,-15.526
0.482,-0.896,0.008,7.305,30.175,-8.733
0.511,-0.839,0.067,6.802,-15.871,-4.565
0.577,-0.867,0.055,9.000,-13.962,-1.969
0.567,-0.804,0.078,9.473,-21.504,-7.847
0.645,-0.820,0.052,2.221,-16.390,-3.114
0.617,-0.826,0.063,8.237,0.496,3.328

-0.643,0.521,-1.511,133.825,361.488,-113.343
-0.496,0.615,-1.704,121.366,383.183,-101.679
-0.647,1.396,-2.000,107.107,396.816,-110.336
-2.000,1.487,0.100,93.031,68.618,120.855
-0.964,1.580,-0.204,-152.298,-251.672,95.069
-1.747,0.771,-1.312,-152.649,-231.061,89.924
-1.497,1.191,-0.903,-273.321,-423.290,17.115
-1.604,0.729,-0.830,-333.809,-499.687,202.474
-0.647,0.326,-1.308,-373.534,-499.687,177.038
0.469,0.143,-0.660,-333.397,-499.687,61.512
0.439,-0.477,-0.938,-352.099,-408.710,-23.435
1.496,-1.668,-0.683,-237.046,-109.413,-80.030
1.716,-2.000,-0.325,45.901,-42.298,-43.114
0.393,-0.896,0.251,75.825,-90.985,-5.786
0.877,-0.845,0.165,23.092,-22.496,-30.809
0.937,-0.429,0.035,0.893,-62.939,-14.885
0.889,-0.532,-0.063,-29.885,3.885,6.351
0.834,-0.447,-0.018,14.267,-22.649,-29.038
1.044,-0.315,0.012,-1.565,-8.084,-9.389
0.883,-0.500,-0.003,-5.336,6.557,-7.725
0.967,-0.492,0.036,16.573,-10.893,-7.099
0.974,-0.469,0.024,2.863,3.351,2.596
0.906,-0.509,0.002,7.794,-4.542,0.245
0.923,-0.451,0.031,12.741,-10.985,-5.343
0.965,-0.447,0.030,-0.023,2.481,-0.901
0.896,-0.486,0.007,9.611,-7.489,-0.839
0.943,-0.436,0.032,4.725,-5.367,-6.595
0.894,-0.421,0.079,4.588,-3.901,-4.733
0.999,-0.482,-0.008,4.725,7.916,11.573
0.832,-0.496,0.032,-4.313,1.045,-8.488

0.656,-0.521,0.313,112.008,500.847,86.687
-0.328,-0.572,0.805,96.145,500.847,43.222
0.112,-0.786,-1.164,140.832,500.847,-3.053
-0.652,-0.984,0.385,206.191,500.847,-80.977
-0.674,-0.934,0.252,215.443,434.618,49.161
-1.107,-0.603,0.003,229.840,367.244,12.275
-0.911,-0.341,-0.174,216.634,322.023,-36.000
-0.396,0.032,-0.590,54.725,289.900,-62.687
-0.018,0.594,-1.415,3.672,299.076,26.229
-0.840,1.742,-1.817,56.283,270.572,2.855
-1.920,1.506,-0.125,98.374,-70.496,74.977
-0.966,1.514,-0.808,-103.580,-44.435,36.947
-2.000,1.486,-1.297,-225.000,-328.634,65.023
-0.501,0.841,-1.902,-227.687,-347.489,-233.939
-1.027,0.979,-0.754,-242.618,-499.687,-73.847
-0.721,-0.011,-1.097,-345.473,-499.687,-55.236
0.905,-0.003,0.204,-238.023,-10.008,-152.443
-0.362,-0.541,-0.196,-221.351,-337.535,-4.412
0.442,-1.196,-0.145,-150.679,-212.710,-42.122
-1.059,-2.000,-1.635,-386.023,-246.100,13.161
0.486,-1.878,-0.711,265.458,209.687,-68.549
-0.222,0.528,1.579,139.626,165.366,-27.923
-0.240,-0.156,1.127,17.336,9.702,90.015
-0.193,-0.611,0.658,-6.328,18.160,49.191
-0.349,-0.932,0.344,-56.924,-33.657,-1.328
-0.028,-0.882,0.339,17.794,17.839,8.550
-0.205,-0.733,0.563,3.046,7.504,-12.259
-0.091,-0.720,0.559,7.947,4.939,-7.878
-0.103,-0.705,0.599,6.145,1.702,-5.679
-0.117,-0.737,0.576,1.183,-6.206,5.206

-0.237,0.430,-2.000,136.176,274.511,-72.305
-0.270,0.603,-2.000,132.344,271.427,-78.824
-0.788,1.312,-2.000,109.275,271.671,-81.572
-1.733,1.483,-0.576,59.794,-43.321,77.054
-0.702,1.758,-0.757,-102.893,-19.290,74.641
-1.402,0.964,-1.653,-122.298,-157.184,77.420
-0.993,1.072,-1.809,-164.634,-131.535,-146.046
-1.140,1.602,-1.206,-275.427,-352.374,11.664
-1.208,0.761,-1.334,-334.939,-401.825,-80.748
0.007,0.203,-0.639,-211.107,-315.962,-127.817
0.428,-0.580,-0.200,-85.107,-97.565,-145.893
-0.298,-1.169,0.513,-18.603,-156.115,-140.748
-0.587,-2.000,-1.236,-352.298,-407.489,146.061
0.713,-0.246,0.282,282.741,196.603,-121.374
-1.558,1.001,1.322,71.290,149.534,-7.328
-0.651,0.136,0.817,-37.687,-14.222,33.130
-0.427,-0.490,0.545,-40.954,-52.283,2.611
-0.273,-0.607,0.479,-20.069,-11.474,16.138
-0.497,-0.416,0.567,21.229,39.549,-11.130
-0.669,-0.230,0.646,5.412,9.900,1.786
-0.645,-0.234,0.710,1.458,-5.382,-11.923
-0.469,-0.372,0.641,-11.427,-9.351,-12.412
-0.437,-0.446,0.629,-7.626,-8.924,-1.771
-0.463,-0.429,0.617,1.733,3.198,3.176
-0.481,-0.373,0.593,6.802,6.023,1.588
-0.502,-0.318,0.669,0.389,0.145,13.344
-0.518,-0.269,0.718,3.458,6.465,1.283
-0.531,-0.353,0.659,-9.153,-6.008,12.306
-0.526,-0.368,0.653,-6.695,-0.435,4.046
-0.540,-0.389,0.626,-2.588,-1.046,1.725

-1.147,-1.032,0.383,106.435,18.511,164.122
-1.100,-1.045,0.324,135.107,36.404,128.886
-1.084,-1.075,0.226,254.130,106.649,-27.374
-0.719,-0.326,0.145,429.214,276.649,-187.572
-1.127,-0.554,-0.402,503.260,288.389,-109.481
-0.579,-0.093,-0.419,425.321,340.587,-158.107
0.093,-0.034,-1.558,314.298,349.962,-165.007
0.170,1.465,-2.000,156.588,310.175,-151.618
-1.083,0.922,-0.959,72.893,47.183,86.565
-1.166,1.288,-0.003,-103.870,-24.359,-25.786
-0.744,-0.517,-2.000,-110.954,-199.733,86.733
-1.071,0.297,-1.058,-34.069,-136.084,-8.778
-1.402,0.510,-1.130,-115.214,-77.764,-86.214
-1.470,0.937,-1.390,-178.313,-321.336,-5.374
-1.353,1.938,-1.327,-262.924,-454.161,-8.916
-1.064,0.775,-1.491,-365.672,-499.687,121.786
-0.699,0.707,-0.594,-364.618,-412.832,18.428
1.224,-0.367,-0.878,-265.122,-172.893,-175.862
-0.161,-1.132,0.211,-146.175,-140.191,-133.740
-0.422,-2.000,-2.000,-464.450,-411.962,147.374
-0.240,-0.477,0.213,461.458,319.244,-265.496
-2.000,1.158,2.000,-9.198,114.389,-127.740
-0.542,-0.327,0.751,-35.214,-75.535,82.565
-0.241,-0.672,0.524,-42.435,-69.642,-0.763
-0.135,-1.049,0.359,0.405,-25.642,12.962
-0.180,-0.551,0.631,40.741,46.267,-37.053
-0.317,-0.378,0.769,30.985,19.641,-10.320
-0.278,-0.441,0.765,18.344,0.175,-16.198
-0.170,-0.542,0.680,14.679,-0.313,-0.473
-0.248,-0.552,0.715,16.359,-0.008,-1.572

-0.906,0.517,-1.228,19.855,239.000,-91.496
-1.084,0.478,-1.313,23.779,234.023,-55.755
-1.724,0.311,-1.129,49.290,150.435,34.825
-1.445,0.198,-0.413,60.710,-106.115,19.466
-0.553,0.556,-0.319,4.237,-17.382,-0.504
-1.210,0.050,-0.491,-23.580,8.129,-5.649
-1.001,0.081,-0.429,-36.939,-50.344,-21.160
-1.146,-0.000,-0.459,-31.916,-85.855,37.680
-1.081,0.022,-0.376,-36.725,-70.115,13.069
-1.155,0.025,-0.324,-44.252,-163.092,55.420
-1.109,0.326,-0.119,-75.061,-165.718,32.107
-0.907,0.250,-0.028,-78.679,-199.901,23.802
-1.137,0.252,-0.020,-76.496,-261.367,99.863
-0.887,0.345,0.246,-104.954,-272.115,58.687
-0.749,0.363,0.299,-107.672,-268.787,74.626
-0.565,0.366,0.367,-148.008,-271.779,84.809
-0.311,0.209,0.529,-190.603,-262.496,51.695
0.088,-0.331,0.391,-188.038,-168.390,11.496
0.156,-0.553,0.481,-166.832,-148.802,6.138
0.269,-0.981,0.544,-141.290,-93.809,-2.381
0.153,-1.392,0.356,-151.733,-85.107,63.680
-0.100,-1.962,-0.203,-85.855,-45.367,13.038
0.306,-1.006,0.278,16.344,63.885,-98.672
0.387,-0.586,0.544,36.405,11.809,-5.160
0.376,-0.462,0.732,26.618,-20.680,40.458
0.187,-0.622,0.680,-2.725,2.465,2.168
0.164,-0.694,0.628,-1.488,-0.939,-4.107
0.235,-0.670,0.628,3.901,-6.359,-4.748
0.269,-0.698,0.584,8.970,15.091,-15.542
0.250,-0.650,0.628,13.504,20.496,-13.893

-0.974,0.482,-1.189,37.534,278.282,-35.389
-1.023,0.542,-1.196,49.779,274.511,-44.641
-1.209,0.961,-1.262,49.443,280.832,-45.450
-2.000,0.422,-0.269,-33.275,100.755,95.283
-0.578,0.841,-0.218,41.137,-51.535,-17.985
-0.963,0.213,-0.425,-58.572,32.786,-79.878
-0.948,0.040,-0.592,-28.817,-89.000,49.435
-1.090,0.124,-0.421,-2.191,-22.664,9.985
-1.414,0.581,-0.064,-41.290,-105.535,69.283
-1.486,0.639,-0.263,-121.824,-283.901,126.825
-1.131,0.648,-0.250,-133.733,-273.016,21.115
-0.789,0.531,0.044,-137.153,-304.787,43.405
-0.580,0.229,0.273,-125.992,-169.336,14.794
-0.444,0.172,0.540,-123.595,-132.054,6.840
-0.520,-0.052,0.590,-120.710,-121.916,54.092
-0.411,-0.131,0.635,-118.939,-139.642,88.489
-0.364,-0.193,0.667,-118.435,-109.565,102.092
-0.359,-0.189,0.644,-107.427,-58.496,70.245
-0.289,-0.299,0.677,-116.710,-76.649,78.764
-0.130,-0.288,0.634,-99.458,-36.771,51.359
-0.124,-0.201,0.752,-104.695,-20.176,42.046
-0.044,-0.342,0.606,-102.450,-11.748,33.970
-0.022,-0.269,0.626,-120.130,14.542,-15.969
-0.202,-0.396,0.536,-155.992,28.801,-22.229
-1.041,-1.257,-0.062,-160.313,-57.993,24.596
-0.852,-1.819,-0.435,-79.687,-30.191,-90.534
0.104,-0.865,0.420,93.473,0.450,-165.633
0.401,-0.617,0.856,75.290,-84.206,-19.664
0.507,-0.623,0.765,26.771,-15.428,15.603
0.044,-0.701,0.693,5.061,48.725,9.893

-0.924,0.556,-1.076,48.573,148.694,10.840
-1.055,0.535,-1.101,56.359,144.969,10.855
-1.194,0.680,-1.010,98.237,104.206,-9.267
-1.283,0.880,-0.103,53.840,-12.710,1.115
-0.833,0.735,-0.144,-3.717,-35.550,39.481
-1.018,0.038,-0.750,-45.366,-24.588,-9.633
-0.807,0.040,-0.693,-5.458,30.282,-22.458
-1.227,0.100,-0.474,-17.916,-51.794,26.397
-0.974,0.069,-0.506,-20.603,-58.832,-0.030
-0.996,0.088,-0.357,-35.824,-87.565,22.092
-1.102,0.222,-0.257,-33.458,-56.390,-6.901
-1.309,0.395,-0.096,-77.855,-169.138,37.603
-1.124,0.449,-0.156,-93.427,-147.962,-11.328
-0.928,0.453,-0.020,-112.832,-218.145,19.374
-0.930,0.518,0.051,-120.725,-170.680,20.809
-0.864,0.237,0.232,-136.130,-186.222,22.535
-0.736,0.277,0.344,-133.779,-142.084,31.099
-0.572,0.133,0.483,-141.473,-128.527,40.519
-0.647,-0.068,0.447,-146.832,-108.771,49.161
-0.574,-0.205,0.475,-131.641,-96.496,46.229
-0.663,-0.149,0.594,-144.313,-103.626,48.596
-0.365,-0.344,0.476,-130.175,-106.206,45.924
-0.452,-0.282,0.532,-154.023,-86.222,24.290
-0.275,-0.330,0.403,-156.206,-85.168,32.336
-0.302,-0.283,0.432,-196.893,-104.466,19.496
-0.137,-0.517,0.245,-184.175,-86.466,6.077
0.015,-0.594,0.266,-300.588,44.923,-86.580
-1.722,-2.000,-1.227,-110.450,136.328,-137.862
0.004,-1.282,-0.410,31.076,-130.939,-171.450
0.897,-1.057,0.267,115.229,-49.901,-39.343

-0.993,0.209,-1.295,34.069,93.671,24.779
-0.969,0.232,-1.282,41.779,80.068,25.832
-0.898,0.302,-1.073,51.412,47.290,19.573
-0.549,0.672,-0.687,43.428,-15.519,13.328
-0.948,0.272,-0.734,-36.008,-39.458,23.802
-0.514,-0.104,-1.130,-10.679,-8.206,-8.488
-0.612,-0.107,-1.000,-12.298,9.992,-22.046
-0.679,-0.154,-0.983,1.672,-34.359,20.916
-0.820,0.097,-0.699,3.596,7.030,7.313
-0.745,-0.058,-0.820,-16.343,-43.733,4.993
-0.798,0.051,-0.744,-7.427,-35.871,23.390
-0.796,0.097,-0.677,-18.527,-111.642,34.092
-0.795,0.131,-0.607,-20.878,-49.397,-1.557
-0.906,0.224,-0.460,-32.252,-42.252,-4.183
-0.904,0.203,-0.540,-46.603,-44.649,-21.221
-1.012,0.243,-0.468,-59.382,-82.955,-11.145
-0.938,0.094,-0.539,-68.069,-93.718,-37.923
-0.953,0.238,-0.435,-63.885,-62.359,-44.076
-0.981,0.127,-0.372,-67.443,-98.924,-35.725
-0.979,0.093,-0.311,-76.557,-89.397,-43.175
-1.143,0.172,-0.295,-87.412,-109.245,-23.862
-1.041,0.062,-0.226,-88.145,-179.840,-0.076
-1.012,0.113,-0.126,-95.946,-186.130,-16.397
-0.973,0.136,0.110,-134.649,-254.390,0.932
-0.888,0.041,0.131,-140.924,-287.794,15.878
-0.595,0.376,0.452,-180.481,-299.245,-12.549
-0.160,0.049,0.420,-195.931,-283.626,27.222
-0.136,-0.023,0.537,-246.374,-283.855,84.855
0.039,-0.422,0.335,-224.267,-185.474,83.756
-0.355,-0.949,0.015,-233.779,-103.260,36.290

-1.180,-1.833,-0.747,-207.382,13.595,99.512
-1.142,-2.000,-0.664,-44.298,-7.016,121.573
0.213,-0.660,0.325,92.603,-8.100,-141.542
0.123,-0.648,0.444,24.054,35.992,-34.763
-0.125,-0.764,0.438,17.428,-18.680,4.412
-0.096,-0.953,0.263,-8.832,-15.290,-11.282
-0.114,-0.909,0.314,26.756,2.404,-12.427
-0.106,-0.827,0.443,20.786,-10.634,-22.259
0.062,-0.733,0.492,1.443,-35.764,-19.313
0.070,-0.855,0.443,-4.206,-30.115,9.451
-0.013,-0.881,0.417,6.741,-3.245,-3.465
-0.032,-0.878,0.408,6.298,-1.687,-4.320
-0.036,-0.848,0.410,12.725,4.007,-5.114
0.005,-0.833,0.447,8.191,4.862,-10.885
0.047,-0.838,0.422,3.657,-13.474,0.474
0.051,-0.840,0.438,7.412,-5.916,3.909
-0.010,-0.816,0.482,5.199,-0.802,0.886
-0.017,-0.806,0.475,0.344,-6.527,-0.259
0.019,-0.820,0.468,-3.824,-3.077,-0.427
0.009,-0.858,0.441,-2.099,-1.046,-1.160
0.017,-0.849,0.431,0.725,-2.955,2.077
0.010,-0.854,0.420,2.573,-0.878,1.359
0.007,-0.838,0.438,4.359,0.328,2.870
-0.017,-0.812,0.458,1.443,-7.428,3.664
0.021,-0.845,0.431,1.122,-2.329,-0.168
0.015,-0.832,0.458,2.679,3.626,-2.381
0.003,-0.831,0.456,-0.374,-5.153,0.229
0.018,-0.830,0.446,0.145,-1.336,-0.855
0.021,-0.823,0.437,0.771,-0.649,1.344
0.006,-0.842,0.430,0.435,-2.848,2.061

-0.813,-0.458,-1.576,18.374,108.725,20.077
-0.948,-0.392,-1.844,19.504,97.427,-11.450
0.182,1.073,-2.000,120.695,196.862,-144.748
-1.386,2.000,0.044,212.817,98.053,118.474
-2.000,2.000,0.729,-124.878,-246.161,207.527
-0.801,2.000,-1.635,-154.313,-160.588,-125.221
-0.587,2.000,-0.594,-438.145,-264.466,-104.137
-0.398,1.242,-1.336,-497.275,-199.550,-80.672
-0.132,0.066,-0.701,-212.175,38.542,-156.916
-0.440,-0.391,-1.702,-315.687,-318.924,-96.412
-0.684,-1.502,-1.374,-121.992,-177.642,-90.519
-2.000,-1.262,-0.421,-282.633,-208.496,-88.427
0.162,-1.183,-0.555,-180.924,-227.046,-107.725
-0.507,-1.076,0.592,-231.412,-261.596,95.496
-0.381,-0.997,0.502,104.038,-82.817,72.260
-0.557,-0.354,0.941,29.565,46.053,-23.862
-0.403,-0.669,0.457,12.115,-29.901,-2.168
-0.283,-0.643,0.451,22.420,17.916,-10.214
-0.400,-0.526,0.583,26.512,8.328,16.153
-0.454,-0.589,0.632,8.420,-6.893,8.031
-0.376,-0.563,0.615,10.985,9.641,-15.313
-0.402,-0.581,0.545,10.939,-9.947,-5.313
-0.402,-0.601,0.539,11.702,-4.283,-7.771
-0.406,-0.563,0.639,26.588,14.954,-11.221
-0.397,-0.515,0.672,6.634,7.534,-3.740
-0.379,-0.590,0.587,-2.175,-7.000,0.382
-0.384,-0.583,0.546,7.366,1.198,-7.786
-0.379,-0.560,0.599,4.099,-1.443,-3.939
-0.354,-0.565,0.622,5.336,-1.077,-0.717
-0.384,-0.558,0.628,3.580,0.847,-4.427

-1.321,-0.219,-1.907,-15.183,158.343,87.512
-1.609,-0.274,-2.000,54.695,107.778,65.664
-1.076,0.903,-1.330,283.763,157.275,-79.618
-1.091,1.627,1.315,-73.397,42.191,33.909
-1.344,-0.163,-2.000,-66.847,-171.855,2.565
-0.743,0.688,-0.208,56.771,-29.977,44.336
-0.932,0.213,-0.713,-5.061,-41.642,-17.542
-0.695,0.361,-0.416,8.863,-13.871,2.229
-0.836,0.257,-0.421,-28.618,-27.122,7.344
-0.907,0.123,-0.549,-30.511,-60.619,3.954
-0.682,0.205,-0.434,-31.183,-28.435,-4.229
-0.899,0.148,-0.482,-4.954,-9.245,9.939
-1.115,0.210,-0.360,-14.588,-31.061,-0.183
-0.953,0.207,-0.276,-29.641,-56.787,-11.694
-1.040,0.231,-0.200,-35.992,-63.871,15.038
-0.739,0.208,-0.354,-15.397,-35.122,-4.030
-1.194,0.397,0.094,-25.000,-113.886,37.038
-1.030,0.280,-0.119,-53.534,-134.344,21.267
-0.929,0.450,0.177,-53.809,-109.138,0.794
-1.074,0.472,0.140,-86.160,-180.771,25.802
-0.921,0.478,0.256,-106.771,-215.642,14.183
-0.673,0.535,0.386,-108.435,-214.130,27.909
-0.746,0.464,0.554,-137.153,-253.535,33.130
-0.294,0.424,0.672,-141.198,-232.619,34.977
-0.185,0.400,0.744,-157.565,-250.619,79.237
0.042,0.565,1.034,-182.603,-266.329,122.489
0.638,0.531,0.923,-211.198,-244.451,179.222
0.535,0.570,0.787,-282.557,-235.016,159.099
0.391,-0.171,-0.035,-256.847,-98.603,194.275
-0.464,-0.497,0.139,-246.237,22.007,80.672

-2.000,-1.803,-1.032,-204.313,-149.367,290.275
-2.000,-2.000,-1.181,-132.572,108.832,271.176
1.229,-0.031,0.297,6.970,-34.054,-206.000
-0.001,-1.138,-0.214,-30.023,8.053,25.695
-0.060,-1.053,-0.311,0.557,6.129,-34.473
-0.193,-1.062,-0.024,57.305,-10.496,-23.878
0.133,-0.869,0.269,46.023,-27.657,-45.542
0.273,-0.896,0.182,4.649,29.381,-38.229
0.083,-1.020,0.131,14.618,18.313,-19.557
0.104,-1.008,0.046,10.786,4.954,-17.084
0.035,-1.003,0.113,20.695,-2.008,-16.733
0.118,-0.925,0.167,22.527,-21.474,-28.931
0.257,-0.941,0.168,7.702,-13.748,-11.557
0.194,-0.983,0.154,18.054,12.145,-13.755
0.193,-0.930,0.200,16.191,5.549,-9.526
0.202,-0.925,0.201,9.534,2.267,0.504
0.181,-0.929,0.195,11.061,2.939,-3.755
0.156,-0.949,0.219,8.954,-5.489,-3.633
0.207,-0.937,0.223,3.321,-9.153,-2.214
0.211,-0.942,0.219,3.351,-3.061,-4.198
0.223,-0.936,0.203,2.802,-5.336,-1.710
0.213,-0.943,0.186,3.244,-1.535,1.939
0.181,-0.944,0.204,4.283,-1.474,-0.412
0.177,-0.923,0.225,3.290,-5.687,-1.603
0.196,-0.942,0.210,2.191,-2.802,-4.030
0.211,-0.943,0.201,4.267,0.710,-3.114
0.198,-0.921,0.235,5.458,1.900,-4.290
0.223,-0.921,0.235,1.366,-1.840,-3.725
0.224,-0.928,0.204,1.702,0.420,-0.656
0.222,-0.917,0.235,3.886,0.435,-2.183

-0.678,0.643,-1.346,54.634,274.374,-59.985
-0.642,0.699,-1.472,45.336,281.656,-72.565
-1.044,1.400,-1.897,7.809,273.458,6.550
-1.211,0.107,-0.800,78.557,12.389,104.321
-0.267,0.604,-1.224,68.267,28.435,11.145
-1.030,0.119,-0.790,8.420,-23.397,73.222
-0.855,0.049,-0.986,-16.710,-58.634,-11.588
-0.734,-0.329,-1.087,-48.985,-73.275,-10.107
-0.941,0.179,-0.659,-54.435,-34.680,-27.359
-0.998,-0.102,-0.823,-73.748,-254.603,88.183
-0.834,0.408,-0.590,-70.298,-127.260,-6.381
-1.240,0.280,-0.397,-104.328,-301.351,72.046
-0.853,0.110,-0.443,-102.069,-175.321,-42.641
-0.907,0.193,-0.006,-83.656,-160.955,-15.481
-0.979,-0.037,0.014,-67.015,-201.993,-10.030
-0.813,0.054,0.206,-68.389,-143.977,-13.343
-0.847,0.089,0.372,-65.519,-132.038,30.077
-0.766,0.022,0.400,-70.557,-122.649,1.848
-0.899,0.192,0.595,-97.229,-128.756,38.107
-0.755,0.069,0.530,-80.618,-177.306,61.313
-0.742,0.230,0.642,-109.763,-215.382,70.138
-0.523,0.190,0.635,-122.359,-232.939,78.977
-0.522,0.322,0.701,-173.580,-276.756,42.748
-0.327,0.502,0.722,-221.046,-354.817,69.435
0.595,-0.050,-0.353,-309.366,-329.412,14.840
-0.598,-1.015,-0.105,-272.756,-182.130,24.443
-0.150,-2.000,-2.000,-327.168,-21.916,-90.488
0.064,-1.447,0.035,189.290,-58.787,-114.610
1.290,0.055,0.050,204.908,-312.405,-28.168
1.371,-0.314,0.011,-32.527,43.488,-25.313

-0.461,0.525,-1.632,84.313,161.504,20.580
-0.418,0.721,-1.658,86.710,177.290,-3.450
-0.612,1.474,-1.559,76.817,207.412,-67.068
-1.739,2.000,-1.256,-36.801,-14.283,128.932
-1.777,1.275,-0.914,-137.672,-303.565,32.870
-0.791,1.596,-1.223,-175.504,-325.932,-109.649
-0.924,0.616,-1.148,-201.626,-474.588,20.993
-0.550,-0.039,-0.216,-172.786,-187.489,-91.389
-0.937,-0.313,0.132,-153.656,-255.413,-31.572
-0.337,-0.351,0.015,-163.259,-257.977,-72.794
-0.667,-0.397,0.074,-142.420,-264.558,-62.275
-0.336,-0.693,0.254,-124.985,-192.435,-105.511
0.242,-2.000,-0.093,-95.000,-286.161,63.252
-0.075,-1.367,0.272,136.878,90.114,-61.496
-0.276,-0.088,1.142,26.603,116.481,-50.992
0.025,-0.153,0.832,22.038,13.702,10.764
-0.140,-0.282,0.893,17.657,12.572,-5.908
-0.175,-0.489,0.739,8.603,-1.901,29.466
-0.275,-0.438,0.799,-8.267,12.786,2.107
-0.273,-0.402,0.809,-9.733,-1.122,-3.130
-0.166,-0.444,0.736,-7.733,3.488,-15.191
-0.119,-0.486,0.712,-9.427,12.450,-10.885
-0.169,-0.533,0.694,-4.908,-1.092,9.542
-0.239,-0.495,0.746,-4.069,2.939,14.290
-0.254,-0.464,0.744,-7.763,4.465,4.550
-0.239,-0.466,0.740,-4.053,4.542,4.428
-0.232,-0.477,0.731,-7.763,-2.802,4.641
-0.208,-0.503,0.692,-4.695,0.129,0.840
-0.224,-0.519,0.701,-4.359,3.809,-1.084
-0.242,-0.502,0.705,-2.114,-1.306,-2.137

-0.553,0.700,-1.391,21.199,289.855,2.580
-0.704,0.831,-1.527,6.756,263.137,16.855
-1.189,1.424,-1.904,-28.527,190.939,68.565
-1.255,1.198,-0.398,103.412,-38.619,89.802
-1.364,0.862,-0.657,-41.962,-159.611,79.161
-1.280,0.698,-0.934,-102.908,-233.397,79.023
-1.378,0.711,-0.844,-149.916,-198.252,-10.610
-1.644,0.613,-0.965,-172.221,-353.641,25.603
-1.170,0.724,-0.367,-190.389,-391.290,-23.664
-0.805,0.444,-0.198,-193.672,-389.092,66.932
-0.765,0.157,0.122,-212.435,-298.267,-11.191
-0.345,-0.078,0.035,-199.229,-269.214,-60.839
-0.018,-0.111,0.523,-149.672,-174.756,-92.901
-0.079,-0.651,0.268,-164.664,-93.367,-106.931
0.366,-2.000,-0.255,-193.733,-157.031,64.916
-0.203,-1.944,-0.333,132.466,73.763,-0.229
-0.072,0.243,1.138,-21.809,184.771,-193.832
0.274,-0.425,0.785,50.863,-119.046,104.641
0.138,-0.719,0.696,0.450,-2.955,37.771
-0.291,-0.615,0.841,4.359,-39.443,23.878
-0.176,-0.602,0.728,4.084,-14.573,10.351
0.001,-0.536,0.668,-4.053,16.099,-29.572
0.039,-0.552,0.671,10.298,-13.474,10.183
-0.007,-0.626,0.694,21.962,-27.336,-0.473
-0.014,-0.556,0.773,6.435,3.519,-14.778
0.011,-0.541,0.762,8.557,-3.321,-3.236
0.059,-0.536,0.739,1.748,-5.061,1.115
-0.003,-0.542,0.770,-0.008,-4.313,-0.580
0.039,-0.581,0.708,1.168,-4.191,-1.084
0.017,-0.560,0.746,-0.130,-2.100,-0.962

-0.930,0.591,-1.065,59.596,248.435,-21.526
-1.024,0.629,-1.088,66.160,239.565,-16.580
-1.319,0.811,-1.073,73.107,221.183,2.519
-1.712,0.616,-0.487,94.908,37.870,34.932
-0.831,0.733,-0.204,36.756,-28.802,3.405
-1.262,0.085,-0.426,-37.717,-11.809,11.695
-1.121,0.020,-0.497,-21.198,-5.092,-42.672
-0.976,-0.102,-0.573,-7.107,-42.222,11.435
-1.252,-0.018,-0.336,-18.389,-68.390,21.328
-1.190,0.130,-0.419,-21.076,-166.008,55.267
-1.089,0.272,-0.159,-49.458,-123.794,0.229
-1.080,0.121,-0.215,-68.771,-182.237,29.848
-0.703,-0.028,-0.121,-59.183,-63.092,-39.130
-0.843,-0.191,0.015,-43.901,-42.649,-9.236
-0.882,-0.110,0.115,-44.359,27.427,-36.626
-0.967,-0.030,0.148,-37.809,-31.413,14.351
-1.079,-0.065,0.078,-25.336,-110.206,35.634
-1.125,0.141,0.281,-55.779,-106.939,18.245
-0.983,0.133,0.263,-55.443,-170.100,30.916
-0.840,0.209,0.380,-70.252,-188.206,31.054
-0.849,0.204,0.525,-100.069,-233.519,50.947
-0.627,0.290,0.641,-138.114,-240.619,58.382
-0.698,0.240,0.689,-157.153,-333.306,76.519
-0.248,0.223,0.570,-204.099,-306.390,54.901
0.054,-0.027,0.323,-206.939,-248.451,37.634
0.217,-0.637,-0.059,-215.290,-229.260,11.237
-0.113,-1.361,0.023,-158.588,-157.321,-20.595
0.612,-2.000,-0.428,-82.404,-100.267,12.550
-0.344,-1.588,0.164,14.145,22.038,35.115
0.508,-0.733,0.169,6.237,-85.764,-1.878

